Iphone 16 pro 256 gb (все цвета);105000;https://c.dns-shop.ru/thumb/st1/fit/320/250/8fb019277dcd9cea139889c9d25a2c05/e9676e2a4cebbd0205b4cdcd95ab3e8bb010249c2e101345fa4b5c3599d91b74.jpg;11
Iphone 16 pro 128 gb (все цвета);92000;https://c.dns-shop.ru/thumb/st1/fit/320/250/fa2adde4bfcf234a42e18d29a8c22b36/059b9bc849b982ab9d1543787672d85ed07a8e12fd8d98dbd343957b27852279.jpg;11
Iphone 16 pro Max 256 gb (все цвета);110000;https://c.dns-shop.ru/thumb/st1/fit/320/250/6c803c013e88f5d3620525aab55d7268/9286da569d27aabbc02281390acc90a90d1e3a3ae90d90f58510810c9e6870b3.jpg;11
Iphone 16 128 gb (все цвета);69000;https://c.dns-shop.ru/thumb/st1/fit/320/250/c7d9e2642dc9f275872263d99a4ac7d8/548a64f7f89c24a7211af7a31f977369c51a00a874f74a6fbd1b97548a5adb85.jpg;11
Iphone 15 128 gb (все цвета);60000;https://c.dns-shop.ru/thumb/st1/fit/320/250/55b851c6b702f19f1104d57c25fa16ec/df069fba111b4406c32acd081a1a30e375a7f60bb101cdd95c6db8c432edc933.jpg;11
Iphone 14 128 gb (все цвета);53000;https://c.dns-shop.ru/thumb/st4/fit/320/250/9b50eda7f5f2e79952c9e4d002167c03/5c99d5ab16f9cb240af7fde30145dac21972a2da3b7ebd59ed98c513b52d8074.jpg;11
Iphone 13 128 gb (все цвета);44000;https://c.dns-shop.ru/thumb/st1/fit/320/250/1ddc36a9cd24add3e708ac2ed9196c3a/93ba7a81a786695bdf44bb60000b82231d2c42bdddbb48c877cb0b559af6f608.jpg;11
Iphone 12 128 gb (все цвета);40000;https://c.dns-shop.ru/thumb/st4/fit/320/250/3c77ed11e4a396bbae1c4aa80c0f3e88/12092f9b71a507a98b8dccea0ad509ad042718c88cbbebc1efa76393bf4b5e2d.jpg;11
Apple Whatch se 2024 (все цвета);25000;https://c.dns-shop.ru/thumb/st1/fit/320/250/b64e2366f39725bd6ae97a02121283e1/65c9955797a67707e2240c25de6382a019560adcdc662c519eeda30c20dc8efa.jpg;11
Apple Whatch S10 42mm (все цвета);35000;https://indexiq.ru/storage/tiny/NEWS/09-2024/apple-watch-series-10-revolyuciya/apple-watch-series-10-revolyuciya-04.jpg;11
Apple Whatch S10 46mm (все цвета);38000;https://mtscdn.ru/upload/images/obzor-chasov-apple-watch-series-10-1.png/resize/1960x1960/;11
Apple Watch Ultra 2 (все цвета);70000;https://avatars.mds.yandex.net/i?id=7f7bbc93b03895dbb81d2d0a198f07e78ae0bafc-5888700-images-thumbs&n=13;11
Airpods 4 (без шумоподавления);14000;https://avatars.mds.yandex.net/i?id=75a32a4ef37a326b2c03e7aff28eee59db97f24b-5173468-images-thumbs&n=13;11
Airpods 4 (c шумоподавлением);18000;https://avatars.mds.yandex.net/i?id=75a32a4ef37a326b2c03e7aff28eee59db97f24b-5173468-images-thumbs&n=13;11
Airpods 2 pro;20000;https://avatars.mds.yandex.net/i?id=fb1074c66f910a55bb95f57937dc686987c235c2-5371416-images-thumbs&n=13;11
Airpods Max;50000;https://images.fastcompany.com/image/upload/f_auto,q_auto,c_fit/wp-cms/uploads/2020/12/p-1-apple-launches-over-ear-airpods-max-for-dollar549.jpg;11
